{
  "model_name": "U-Lite",
  "total_epochs": 100,
  "best_val_dice": 0.807606407574245,
  "final_train_loss": 0.11105110079555189,
  "final_val_loss": 0.17415709367820195,
  "final_train_dice": 0.8820258995233956,
  "final_val_dice": 0.806729427405766
}