{
  "model_name": "SDA-W-Lite",
  "total_epochs": 5,
  "best_val_dice": 0.7247017482916515,
  "final_train_loss": 0.2311250080331033,
  "final_val_loss": 0.21898750364780425,
  "final_train_dice": 0.7135577812916091,
  "final_val_dice": 0.7247017482916515
}