{
  "model_name": "SDA-W-Lite",
  "total_epochs": 100,
  "best_val_dice": 0.7938708398077223,
  "final_train_loss": 0.17679193119208017,
  "final_val_loss": 0.1698385692305035,
  "final_train_dice": 0.7898407795212485,
  "final_val_dice": 0.7932925158076816
}