{
  "model_name": "U-Lite",
  "total_epochs": 100,
  "best_val_dice": 0.7988703979386224,
  "final_train_loss": 0.1297643742326534,
  "final_val_loss": 0.17194892797205183,
  "final_train_dice": 0.8589372219461383,
  "final_val_dice": 0.7984564966625638
}